{
    "prey_rewards": [
        -156.80586036562505,
        -652.5353199963976,
        -567.842200150291,
        -472.65799471378307,
        -1041.0698509168217,
        -92.57992876767128,
        -821.1551650857626,
        -965.0310419671918,
        -769.1545596430665,
        -267.0995263744637,
        -526.2308431902463,
        -612.705561438139,
        -1252.6663879791572,
        -1082.5898663982193,
        -143.65419934558065,
        -529.2687272268678,
        -380.31076356055996,
        -1112.3296657267363,
        -618.3065455913812,
        -709.1959258029832,
        -161.88079069021276,
        -536.2973374779234,
        -143.69149953593757,
        -298.3800608324325,
        -261.0162420876833,
        -411.2348908204953,
        -354.1089417120234,
        -710.5097779819797,
        -1196.393532790354,
        -178.42309305635646,
        -791.2331222299906,
        -338.9647616177946,
        -1118.4823662308909,
        -656.3702039388482,
        -646.2664633760755,
        -687.1734435562289,
        -323.4240170556239,
        -914.4275140117277,
        -313.9752467131025,
        -498.43470209059456,
        -72.52491626937837,
        -550.4963576869196,
        -1731.7655442827395,
        -322.950036698571,
        -1424.5208396304197,
        -349.164734676406,
        -320.88862297241565,
        -1486.8581062243804,
        -217.99748040530497,
        -449.9502587730076
    ],
    "adversary_rewards": [
        [
            40.621805790811784,
            20.058972918987273,
            0.635294496268034,
            90.69691729322076,
            30.6937517747283,
            40.18701139912009,
            0.7080636963248254,
            20.02676975727081,
            60.64285541027785,
            0.5857086665928365,
            70.68892280086875,
            0.6455039814114568,
            30.09973930120469,
            60.113319254666564,
            30.15566061288119,
            50.086112427711484,
            120.75798547267914,
            30.098120044171804,
            0.6519783198833468,
            20.64564394317567,
            0.058681571483612055,
            0.1028238832950592,
            60.07868673801421,
            60.788784401863815,
            50.689038220606754,
            0.1814109921455383,
            10.581057178229099,
            30.760723134130245,
            10.044637012481688,
            0.6332048155367375,
            0.7027816988527776,
            40.6758065648377,
            30.086712929606428,
            0.06012254059314729,
            80.16246910542249,
            50.75000516474246,
            70.73872745633125,
            0.02002015113830567,
            0.007828879356384278,
            0.10513607263565064,
            0.034918284416198736,
            0.01868502497673035,
            50.649472003430134,
            0.0413312554359436,
            0.768764169514179,
            0.5854387275874615,
            0.053975415229797354,
            20.012933671474453,
            0.06846072673797608,
            0.6337503470480441
        ],
        [
            40.1115380935371,
            20.07665136754513,
            0.114008292555809,
            90.69691729322076,
            30.6937517747283,
            40.115075302124026,
            0.15683268308639528,
            20.083741641044615,
            60.64285541027785,
            0.5857086665928365,
            70.04775290489198,
            0.6455039814114568,
            30.562964752316493,
            60.758456553146246,
            30.104796558618546,
            50.637796231731784,
            120.75798547267914,
            30.079107272624967,
            0.09651848077774046,
            20.07888921499252,
            0.0396765947341919,
            0.01529041826725006,
            60.09010587930679,
            60.058951592445375,
            50.0941562771797,
            0.7162064481526613,
            10.118109154701239,
            30.760723134130245,
            10.642897603660826,
            0.6332048155367375,
            0.6668487526476384,
            40.66427270136775,
            30.028073453903207,
            0.6664309851825237,
            80.7800481040031,
            50.12953664585948,
            70.0434584259987,
            0.6328739888966085,
            0.665775854885578,
            0.041864824295043936,
            0.6207039847970008,
            0.6102030441164971,
            50.00457056760788,
            0.6121521055698396,
            0.027912026643753057,
            0.006887859106063843,
            0.10455701351165775,
            20.05433455556631,
            0.633951146900654,
            0.6218072004616262
        ]
    ],
    "config": {
        "NUM_EPISODES": 50,
        "MAX_STEPS_PER_EPISODE": 100,
        "REPLAY_BUFFER_CAPACITY": 100000,
        "BATCH_SIZE": 1024,
        "LEARNING_RATE": 0.0003,
        "GAMMA": 0.99,
        "TAU": 0.005,
        "ENV_CONFIG": {
            "num_good": 4,
            "num_adversaries": 2,
            "num_obstacles": 0,
            "max_cycles": 100,
            "continuous_actions": true
        },
        "ALTERNATING_TRAINING": true,
        "TRAINING_INTERVAL": 1000,
        "INITIAL_TRAINING_AGENT": "adversary",
        "PREVIOUS_CHECKPOINT_TIME_STAMP": null
    }
}