{
 "baseline": {
  "r_ext": [
   0.8630394117865298,
   0.051680563748498075
  ],
  "pref_bonus": [
   1.7053124999999998,
   0.03280605095354616
  ],
  "commit_acc": [
   0.8195138888888889,
   0.004036548560321753
  ],
  "probe_acc": [
   0.5153125,
   0.014402901665598117
  ],
  "comm_rw": [
   0.0,
   0.0
  ],
  "listener_acc": [
   0.0,
   0.0
  ]
 },
 "oracle": {
  "r_ext": [
   1.16789777730902,
   0.005736953620873456
  ],
  "pref_bonus": [
   1.8969791666666669,
   0.003070119960860539
  ],
  "commit_acc": [
   0.8818055555555556,
   7.500857289822231e-05
  ],
  "probe_acc": [
   0.4804861111111111,
   0.007406882938608873
  ],
  "comm_rw": [
   0.0,
   0.0
  ],
  "listener_acc": [
   0.0,
   0.0
  ]
 },
 "simple": {
  "r_ext": [
   0.9590363922632403,
   0.0138247989701938
  ],
  "pref_bonus": [
   1.7552083333333333,
   0.008215750315141102
  ],
  "commit_acc": [
   0.824375,
   0.0017186623153840027
  ],
  "probe_acc": [
   0.46888888888888886,
   0.007553872446654719
  ],
  "comm_rw": [
   -1.3104960777858894,
   0.1163827275788001
  ],
  "listener_acc": [
   0.0,
   0.0
  ]
 },
 "exclusivity": {
  "r_ext": [
   0.9478159933992559,
   0.011155740959690035
  ],
  "pref_bonus": [
   1.7514583333333331,
   0.008602846616522244
  ],
  "commit_acc": [
   0.8238888888888889,
   0.003370143014818413
  ],
  "probe_acc": [
   0.47357638888888887,
   0.0025469801270307756
  ],
  "comm_rw": [
   -1.8173347891204885,
   0.03164142107203919
  ],
  "listener_acc": [
   0.0,
   0.0
  ]
 },
 "progress": {
  "r_ext": [
   0.9290745513472292,
   0.006312263887838866
  ],
  "pref_bonus": [
   1.7483333333333333,
   0.002842560546930026
  ],
  "commit_acc": [
   0.8236805555555556,
   0.003433581286743441
  ],
  "probe_acc": [
   0.5353472222222222,
   0.01194165153609268
  ],
  "comm_rw": [
   0.13308613178837633,
   0.0010570309204461757
  ],
  "listener_acc": [
   0.0,
   0.0
  ]
 },
 "filter": {
  "r_ext": [
   0.9338932840691673,
   0.005981839362418081
  ],
  "pref_bonus": [
   1.7495833333333335,
   0.004177936148741693
  ],
  "commit_acc": [
   0.8237847222222223,
   0.0029951145491535895
  ],
  "probe_acc": [
   0.5384375,
   0.017553929249565895
  ],
  "comm_rw": [
   -0.07072992362082005,
   0.06491667246317231
  ],
  "listener_acc": [
   0.0,
   0.0
  ]
 },
 "learned": {
  "r_ext": [
   0.8248498324470388,
   0.018705140762364666
  ],
  "pref_bonus": [
   1.6843750000000002,
   0.01268696974808763
  ],
  "commit_acc": [
   0.8167361111111111,
   0.00462166560372722
  ],
  "probe_acc": [
   0.5340972222222222,
   0.029563860201091988
  ],
  "comm_rw": [
   0.9128379047455059,
   0.003318523636508213
  ],
  "listener_acc": [
   0.9124652777777778,
   0.001698433752589196
  ]
 },
 "learned_prag": {
  "r_ext": [
   0.8930347613576385,
   0.007267906447624892
  ],
  "pref_bonus": [
   1.7291666666666667,
   0.005086775928999792
  ],
  "commit_acc": [
   0.8235069444444444,
   0.0019334593802035232
  ],
  "probe_acc": [
   0.5276388888888889,
   0.013020077138535526
  ],
  "comm_rw": [
   0.9195030851620767,
   0.006018201861976822
  ],
  "listener_acc": [
   0.9179513888888889,
   0.0034184493617859307
  ]
 },
 "ear": {
  "r_ext": [
   0.9137785843925345,
   0.007979828315253387
  ],
  "pref_bonus": [
   1.7411458333333334,
   0.006949303855356586
  ],
  "commit_acc": [
   0.8246527777777777,
   0.004617228761966355
  ],
  "probe_acc": [
   0.5204166666666666,
   0.015508127722680218
  ],
  "comm_rw": [
   0.9099673229994046,
   0.008426546048838236
  ],
  "listener_acc": [
   0.9129513888888888,
   0.0045773670482767955
  ]
 },
 "learned_ear": {
  "r_ext": [
   0.8895117957476112,
   0.010565258373028802
  ],
  "pref_bonus": [
   1.7254166666666666,
   0.004935199299889498
  ],
  "commit_acc": [
   0.8210069444444444,
   0.0018867515821967393
  ],
  "probe_acc": [
   0.5363888888888888,
   0.004310686160566209
  ],
  "comm_rw": [
   0.913772781458166,
   0.004554134050506126
  ],
  "listener_acc": [
   0.9147569444444444,
   0.0032617950336530565
  ]
 }
}