{
 "baseline": {
  "r_ext": [
   1.0649803673889904,
   0.024846230106725438
  ],
  "pref_bonus": [
   2.1499305555555557,
   0.022903054318569448
  ],
  "spec": [
   0.8466667077276441,
   0.002004154518223479
  ],
  "probe_acc": [
   0.4062499992714988,
   0.008659944698035073
  ],
  "comm_rw": [
   0.0,
   0.0
  ],
  "listener_acc": [
   0.0,
   0.0
  ],
  "dist_pen": [
   1.0617557455433742,
   0.004568349597623855
  ],
  "coll_pen": [
   0.023194444444444445,
   0.004773347967940875
  ]
 },
 "oracle": {
  "r_ext": [
   0.9870768759813573,
   0.04198503970183946
  ],
  "pref_bonus": [
   2.1495138888888885,
   0.03629458376534412
  ],
  "spec": [
   0.8409606887234582,
   0.005860740745660318
  ],
  "probe_acc": [
   0.3937037035491731,
   0.006788020770587193
  ],
  "comm_rw": [
   0.0,
   0.0
  ],
  "listener_acc": [
   0.0,
   0.0
  ],
  "dist_pen": [
   1.1374370132552254,
   0.009596650914474975
  ],
  "coll_pen": [
   0.024999999999999998,
   0.005973635168775343
  ]
 },
 "heuristic": {
  "r_ext": [
   0.5679067418889866,
   0.04047156423465753
  ],
  "pref_bonus": [
   1.8300694444444445,
   0.042016280158456584
  ],
  "spec": [
   0.814652812745836,
   0.0052425029069216676
  ],
  "probe_acc": [
   0.3945717591709561,
   0.0037242754117647234
  ],
  "comm_rw": [
   -2.393366964393192,
   0.04450537311509435
  ],
  "listener_acc": [
   0.0,
   0.0
  ],
  "dist_pen": [
   1.2081002023484972,
   0.010596816825714636
  ],
  "coll_pen": [
   0.05406249999999999,
   0.011909772837598954
  ]
 },
 "simple": {
  "r_ext": [
   0.9343290454232033,
   0.06117018584116142
  ],
  "pref_bonus": [
   2.094513888888889,
   0.049254113748938934
  ],
  "spec": [
   0.8327662411000993,
   0.0009550249522692539
  ],
  "probe_acc": [
   0.3927083334657881,
   0.0029386755607804602
  ],
  "comm_rw": [
   -1.3256630698839824,
   0.014599585615924553
  ],
  "listener_acc": [
   0.0,
   0.0
  ],
  "dist_pen": [
   1.1147681742244295,
   0.0057442827217491525
  ],
  "coll_pen": [
   0.04541666666666667,
   0.012899948110958901
  ]
 },
 "learned": {
  "r_ext": [
   1.0282477529595297,
   0.08342031817104113
  ],
  "pref_bonus": [
   2.110833333333334,
   0.061759736449375276
  ],
  "spec": [
   0.8472454096211327,
   0.0036532374247817377
  ],
  "probe_acc": [
   0.39700231485896637,
   0.002205785170415591
  ],
  "comm_rw": [
   -0.12965797276158506,
   0.011715627109698095
  ],
  "listener_acc": [
   0.4141203697522482,
   0.010549771798240772
  ],
  "dist_pen": [
   1.064078637758891,
   0.025889901691415477
  ],
  "coll_pen": [
   0.01850694444444444,
   0.004641189272167457
  ]
 },
 "learned_prag": {
  "r_ext": [
   1.088531952748696,
   0.03194175023574419
  ],
  "pref_bonus": [
   2.169861111111111,
   0.036892498638087926
  ],
  "spec": [
   0.8532176174057854,
   0.0015452398285863763
  ],
  "probe_acc": [
   0.3966319441133075,
   0.001587969460995151
  ],
  "comm_rw": [
   -0.1272053124051955,
   0.016066200299081908
  ],
  "listener_acc": [
   0.42511574082904396,
   0.009952159659703318
  ],
  "dist_pen": [
   1.0594541613260906,
   0.0036831049965970436
  ],
  "coll_pen": [
   0.021875000000000002,
   0.007779482700041623
  ]
 }
}