{
 "baseline": {
  "r_ext": [
   0.8451548116703828,
   0.009337560843067673
  ],
  "pref_bonus": [
   1.7345937500000002,
   0.006712140644477737
  ],
  "commit_acc": [
   0.8508229166666667,
   0.0012740268958110867
  ],
  "probe_acc": [
   0.5431562500000001,
   0.007568983246016089
  ],
  "comm_rw": [
   0.0,
   0.0
  ],
  "listener_acc": [
   0.0,
   0.0
  ]
 },
 "oracle": {
  "r_ext": [
   0.957470692632099,
   0.007531217488617568
  ],
  "pref_bonus": [
   1.8021874999999998,
   0.006140605120832952
  ],
  "commit_acc": [
   0.8800208333333334,
   0.00036497003301642287
  ],
  "probe_acc": [
   0.4756354166666667,
   0.004372033964824999
  ],
  "comm_rw": [
   0.0,
   0.0
  ],
  "listener_acc": [
   0.0,
   0.0
  ]
 },
 "simple": {
  "r_ext": [
   0.9113716192295155,
   0.01442517188758103
  ],
  "pref_bonus": [
   1.7778124999999998,
   0.00897406564309994
  ],
  "commit_acc": [
   0.856388888888889,
   0.0015009749060941298
  ],
  "probe_acc": [
   0.5479166666666666,
   0.002608098883085289
  ],
  "comm_rw": [
   -0.77323157094419,
   0.034011518380826965
  ],
  "listener_acc": [
   0.0,
   0.0
  ]
 },
 "exclusivity": {
  "r_ext": [
   0.8631624792433447,
   0.009755630096085946
  ],
  "pref_bonus": [
   1.7528124999999999,
   0.004287315755678453
  ],
  "commit_acc": [
   0.8517708333333333,
   0.00258954226972002
  ],
  "probe_acc": [
   0.5228819444444444,
   0.012833169240974352
  ],
  "comm_rw": [
   -1.7744621551285187,
   0.14195558479240827
  ],
  "listener_acc": [
   0.0,
   0.0
  ]
 },
 "progress": {
  "r_ext": [
   0.909706307840016,
   0.015799215521233298
  ],
  "pref_bonus": [
   1.7763541666666667,
   0.008849058984287977
  ],
  "commit_acc": [
   0.8597569444444444,
   0.0005648812195329923
  ],
  "probe_acc": [
   0.6169097222222222,
   0.004272197538819986
  ],
  "comm_rw": [
   0.04377062628459599,
   0.0020396221023361266
  ],
  "listener_acc": [
   0.0,
   0.0
  ]
 },
 "filter": {
  "r_ext": [
   0.9151283475135763,
   0.011589174405149635
  ],
  "pref_bonus": [
   1.7832291666666666,
   0.005579159924483602
  ],
  "commit_acc": [
   0.8594097222222222,
   0.0007155361812996871
  ],
  "probe_acc": [
   0.6126736111111111,
   0.013801926827670806
  ],
  "comm_rw": [
   0.33212382580671046,
   0.08258009499161209
  ],
  "listener_acc": [
   0.0,
   0.0
  ]
 },
 "learned": {
  "r_ext": [
   0.8280488292550047,
   0.013986176052473539
  ],
  "pref_bonus": [
   1.7241875,
   0.010595934509282335
  ],
  "commit_acc": [
   0.8530416666666667,
   0.0017995104465443515
  ],
  "probe_acc": [
   0.5340624999999999,
   0.009578100926650918
  ],
  "comm_rw": [
   1.0346399052366615,
   0.004095036098789092
  ],
  "listener_acc": [
   0.97340625,
   0.0016376411357752708
  ]
 },
 "learned_prag": {
  "r_ext": [
   0.8497762764203879,
   0.009859118347268615
  ],
  "pref_bonus": [
   1.7413541666666665,
   0.0043459684915597395
  ],
  "commit_acc": [
   0.8539236111111111,
   0.0025841048230723076
  ],
  "probe_acc": [
   0.5522222222222223,
   0.004473735222558865
  ],
  "comm_rw": [
   1.0317159578535293,
   0.015118536647389647
  ],
  "listener_acc": [
   0.9746875,
   0.003861198540177203
  ]
 },
 "ear": {
  "r_ext": [
   0.874393127196365,
   0.014583148234591675
  ],
  "pref_bonus": [
   1.7528645833333334,
   0.01044823774708807
  ],
  "commit_acc": [
   0.8539409722222223,
   0.0015511580378410991
  ],
  "probe_acc": [
   0.5378125,
   0.008000138646560913
  ],
  "comm_rw": [
   1.0244056685848368,
   0.005396983692645735
  ],
  "listener_acc": [
   0.9681423611111111,
   0.002390974424085416
  ]
 },
 "learned_ear": {
  "r_ext": [
   0.878373471595347,
   0.011299318708700098
  ],
  "pref_bonus": [
   1.7572187500000003,
   0.008061343182513066
  ],
  "commit_acc": [
   0.8581458333333334,
   0.000923248153411523
  ],
  "probe_acc": [
   0.5195624999999999,
   0.01092255725297169
  ],
  "comm_rw": [
   1.036259285757939,
   0.004040478497878026
  ],
  "listener_acc": [
   0.97328125,
   0.0016254172808253082
  ]
 },
 "filter_ear": {
  "r_ext": [
   0.896994044991831,
   0.022805913860679802
  ],
  "pref_bonus": [
   1.7646875,
   0.013375584099395467
  ],
  "commit_acc": [
   0.8524652777777778,
   0.00354280119809426
  ],
  "probe_acc": [
   0.6224652777777778,
   0.002337676458426151
  ],
  "comm_rw": [
   0.47231445158521335,
   0.014073569734258513
  ],
  "listener_acc": [
   0.0,
   0.0
  ]
 }
}