{
 "baseline": {
  "r_ext": [
   1.8614299784178534,
   0.05026082676774572
  ],
  "pref_bonus": [
   2.868958333333333,
   0.0375393312259141
  ],
  "spec": [
   0.8587083523273467,
   0.003631079653626679
  ],
  "probe_acc": [
   0.41543056694666547,
   0.0012332439166632182
  ],
  "comm_rw": [
   0.0,
   0.0
  ],
  "listener_acc": [
   0.0,
   0.0
  ],
  "dist_pen": [
   0.9861116892496744,
   0.014341637102259474
  ],
  "coll_pen": [
   0.021416666666666667,
   0.0038724902266572027
  ]
 },
 "oracle": {
  "r_ext": [
   1.9255107359488803,
   0.049500612458863766
  ],
  "pref_bonus": [
   2.9713333333333334,
   0.042369923491395046
  ],
  "spec": [
   0.8621944627761842,
   0.0013872353903824936
  ],
  "probe_acc": [
   0.4213958455721537,
   0.0031156249329816984
  ],
  "comm_rw": [
   0.0,
   0.0
  ],
  "listener_acc": [
   0.0,
   0.0
  ],
  "dist_pen": [
   1.019593431075414,
   0.007201963552336825
  ],
  "coll_pen": [
   0.026229166666666665,
   0.005030152140398494
  ]
 },
 "heuristic": {
  "r_ext": [
   1.6896908925920726,
   0.04441563951991939
  ],
  "pref_bonus": [
   2.8310833333333334,
   0.02726728554717373
  ],
  "spec": [
   0.8320347424348196,
   0.004615424048653564
  ],
  "probe_acc": [
   0.41933334569136305,
   0.005074154998408847
  ],
  "comm_rw": [
   -1.8256075242360432,
   0.017077076451748927
  ],
  "listener_acc": [
   0.0,
   0.0
  ],
  "dist_pen": [
   1.100434109131495,
   0.012993619316829469
  ],
  "coll_pen": [
   0.04095833333333334,
   0.007057145216807653
  ]
 },
 "simple": {
  "r_ext": [
   1.8107225518474976,
   0.04498939465597906
  ],
  "pref_bonus": [
   2.891541666666667,
   0.0397807620311349
  ],
  "spec": [
   0.8486111301581065,
   0.004072963044586528
  ],
  "probe_acc": [
   0.4148541782697042,
   0.0039615654387691835
  ],
  "comm_rw": [
   -0.9189448263744513,
   0.024126196887932893
  ],
  "listener_acc": [
   0.0,
   0.0
  ],
  "dist_pen": [
   1.04588161389033,
   0.008138957579480261
  ],
  "coll_pen": [
   0.034937499999999996,
   0.010979961229945717
  ]
 },
 "learned": {
  "r_ext": [
   1.9348248515054582,
   0.057317813243440374
  ],
  "pref_bonus": [
   2.9662916666666668,
   0.04640385071425768
  ],
  "spec": [
   0.8472014092604319,
   0.007256047530718506
  ],
  "probe_acc": [
   0.4255486234426499,
   0.002242300607729024
  ],
  "comm_rw": [
   0.209318208659223,
   0.01736327491117589
  ],
  "listener_acc": [
   0.6545902970234553,
   0.00693259032367979
  ],
  "dist_pen": [
   1.0054459801514946,
   0.018414319160435382
  ],
  "coll_pen": [
   0.026020833333333337,
   0.009502348028543028
  ]
 },
 "learned_prag": {
  "r_ext": [
   1.8730343036899968,
   0.021637952573849272
  ],
  "pref_bonus": [
   2.908625,
   0.017218630897954636
  ],
  "spec": [
   0.8373472436269125,
   0.005574010803771123
  ],
  "probe_acc": [
   0.4204722348848978,
   0.003892366789628328
  ],
  "comm_rw": [
   0.21815482444067796,
   0.03327811068125339
  ],
  "listener_acc": [
   0.6814444637695949,
   0.009961512485008987
  ],
  "dist_pen": [
   1.0136115318934122,
   0.00821024303760929
  ],
  "coll_pen": [
   0.021979166666666668,
   0.0021544124617991684
  ]
 }
}