{
 "baseline": {
  "r_ext": [
   0.8451548116703828,
   0.009337560843067673
  ],
  "pref_bonus": [
   1.7345937500000002,
   0.006712140644477737
  ],
  "commit_acc": [
   0.8508229166666667,
   0.0012740268958110867
  ],
  "probe_acc": [
   0.5431562500000001,
   0.007568983246016089
  ],
  "comm_rw": [
   0.0,
   0.0
  ],
  "listener_acc": [
   0.0,
   0.0
  ]
 },
 "oracle": {
  "r_ext": [
   0.957470692632099,
   0.007531217488617568
  ],
  "pref_bonus": [
   1.8021874999999998,
   0.006140605120832952
  ],
  "commit_acc": [
   0.8800208333333334,
   0.00036497003301642287
  ],
  "probe_acc": [
   0.4756354166666667,
   0.004372033964824999
  ],
  "comm_rw": [
   0.0,
   0.0
  ],
  "listener_acc": [
   0.0,
   0.0
  ]
 },
 "simple": {
  "r_ext": [
   0.9146624681154887,
   0.009421694562007341
  ],
  "pref_bonus": [
   1.7788125000000001,
   0.006115873302317516
  ],
  "commit_acc": [
   0.8565000000000002,
   0.0011392995533318741
  ],
  "probe_acc": [
   0.5400625,
   0.004512429785541756
  ],
  "comm_rw": [
   -0.8054459731578827,
   0.058263744461718045
  ],
  "listener_acc": [
   0.0,
   0.0
  ]
 },
 "exclusivity": {
  "r_ext": [
   0.8631624792433447,
   0.009755630096085946
  ],
  "pref_bonus": [
   1.7528124999999999,
   0.004287315755678453
  ],
  "commit_acc": [
   0.8517708333333333,
   0.00258954226972002
  ],
  "probe_acc": [
   0.5228819444444444,
   0.012833169240974352
  ],
  "comm_rw": [
   -1.7744621551285187,
   0.14195558479240827
  ],
  "listener_acc": [
   0.0,
   0.0
  ]
 },
 "progress": {
  "r_ext": [
   0.9243355938072007,
   0.00766516272771501
  ],
  "pref_bonus": [
   1.7836874999999999,
   0.004714878378601098
  ],
  "commit_acc": [
   0.8605937499999999,
   0.0006797304025412561
  ],
  "probe_acc": [
   0.6093333333333334,
   0.006798424551974432
  ],
  "comm_rw": [
   0.015686467978482447,
   0.010591230569893029
  ],
  "listener_acc": [
   0.0,
   0.0
  ]
 },
 "filter": {
  "r_ext": [
   0.9199231978418926,
   0.005695403874119059
  ],
  "pref_bonus": [
   1.78353125,
   0.0033654523516534764
  ],
  "commit_acc": [
   0.8580104166666667,
   0.0006285403201289248
  ],
  "probe_acc": [
   0.6123645833333333,
   0.006825151510579168
  ],
  "comm_rw": [
   0.33928942460070055,
   0.0327648272609003
  ],
  "listener_acc": [
   0.0,
   0.0
  ]
 },
 "learned": {
  "r_ext": [
   0.8280488292550047,
   0.013986176052473539
  ],
  "pref_bonus": [
   1.7241875,
   0.010595934509282335
  ],
  "commit_acc": [
   0.8530416666666667,
   0.0017995104465443515
  ],
  "probe_acc": [
   0.5340624999999999,
   0.009578100926650918
  ],
  "comm_rw": [
   1.0346399052366615,
   0.004095036098789092
  ],
  "listener_acc": [
   0.97340625,
   0.0016376411357752708
  ]
 },
 "learned_prag": {
  "r_ext": [
   0.8497762764203879,
   0.009859118347268615
  ],
  "pref_bonus": [
   1.7413541666666665,
   0.0043459684915597395
  ],
  "commit_acc": [
   0.8539236111111111,
   0.0025841048230723076
  ],
  "probe_acc": [
   0.5522222222222223,
   0.004473735222558865
  ],
  "comm_rw": [
   1.0317159578535293,
   0.015118536647389647
  ],
  "listener_acc": [
   0.9746875,
   0.003861198540177203
  ]
 },
 "ear": {
  "r_ext": [
   0.874393127196365,
   0.014583148234591675
  ],
  "pref_bonus": [
   1.7528645833333334,
   0.01044823774708807
  ],
  "commit_acc": [
   0.8539409722222223,
   0.0015511580378410991
  ],
  "probe_acc": [
   0.5378125,
   0.008000138646560913
  ],
  "comm_rw": [
   1.0244056685848368,
   0.005396983692645735
  ],
  "listener_acc": [
   0.9681423611111111,
   0.002390974424085416
  ]
 },
 "learned_ear": {
  "r_ext": [
   0.878373471595347,
   0.011299318708700098
  ],
  "pref_bonus": [
   1.7572187500000003,
   0.008061343182513066
  ],
  "commit_acc": [
   0.8581458333333334,
   0.000923248153411523
  ],
  "probe_acc": [
   0.5195624999999999,
   0.01092255725297169
  ],
  "comm_rw": [
   1.036259285757939,
   0.004040478497878026
  ],
  "listener_acc": [
   0.97328125,
   0.0016254172808253082
  ]
 },
 "filter_ear": {
  "r_ext": [
   0.9196427464125059,
   0.011156269096137553
  ],
  "pref_bonus": [
   1.77809375,
   0.006944316752298229
  ],
  "commit_acc": [
   0.8543958333333335,
   0.0016783315748087463
  ],
  "probe_acc": [
   0.61490625,
   0.006571380400234283
  ],
  "comm_rw": [
   0.4423844856992364,
   0.009629515018767644
  ],
  "listener_acc": [
   0.0,
   0.0
  ]
 }
}