{
    "prey_rewards": [
        -244.81390805437854,
        -555.5581050061746,
        -153.23621429496862,
        -70.06329336586066,
        -376.2573125211342,
        -880.4236795296976,
        -515.1513020626493,
        -289.0989347005041,
        -376.1257602675858,
        -69.378502601339,
        -166.48800286066987,
        -493.28357249176514,
        -322.89478407957074,
        -336.5102489270393,
        -466.3719934639585,
        -438.4201965087001,
        -223.75255586869,
        -453.47991852687124,
        -277.57665409340404,
        -364.30934914265214,
        -178.45689737018208,
        -365.69125241818784,
        -492.0705161262766,
        -742.8304937535216,
        -1728.760179576245
    ],
    "adversary_rewards": [
        [
            20.190027236938477,
            50.72972106933594,
            40.17919158935547,
            30.746503829956055,
            10.072248458862305,
            110.05593872070312,
            50.1186637878418,
            0.7785770297050476,
            30.10767364501953,
            30.17154884338379,
            60.669219970703125,
            30.638790130615234,
            30.14151382446289,
            30.080596923828125,
            20.663433074951172,
            0.5734620094299316,
            80.12834167480469,
            30.0753173828125,
            100.13306427001953,
            0.06469400972127914,
            60.15484619140625,
            0.772681713104248,
            70.14875793457031,
            50.15855407714844,
            0.7015910744667053
        ],
        [
            20.10424041748047,
            50.67981719970703,
            40.721832275390625,
            30.147886276245117,
            10.638187408447266,
            110.07713317871094,
            50.58707809448242,
            0.10941370576620102,
            30.77267074584961,
            30.102947235107422,
            60.669219970703125,
            30.167980194091797,
            30.63593864440918,
            30.145479202270508,
            20.663433074951172,
            0.18185552954673767,
            80.59551239013672,
            30.06075668334961,
            100.0787353515625,
            0.10256969928741455,
            60.62711715698242,
            0.06267964094877243,
            70.10346984863281,
            50.59545135498047,
            0.7015910744667053
        ]
    ],
    "config": {
        "NUM_EPISODES": 25,
        "MAX_STEPS_PER_EPISODE": 100,
        "REPLAY_BUFFER_CAPACITY": 256000,
        "BATCH_SIZE": 8192,
        "LEARNING_RATE": 0.0003,
        "GAMMA": 0.99,
        "TAU": 0.005,
        "ENV_CONFIG": {
            "num_good": 4,
            "num_adversaries": 2,
            "num_obstacles": 0,
            "max_cycles": 100,
            "continuous_actions": true
        },
        "ALTERNATING_TRAINING": true,
        "TRAINING_INTERVAL": 1000,
        "INITIAL_TRAINING_AGENT": "adversary",
        "PREVIOUS_CHECKPOINT_TIME_STAMP": null
    }
}